{
  "IsEncrypted": false,
  "Values": {
    "AzureWebJobsStorage": "DefaultEndpointsProtocol=https;AccountName=scenerio2store;AccountKey=0kAE/eOimfuT7eNw8HR2M7DWJWAzj7Y14uXd5/XIV5Rz06pCJ5pXEbA0w8DhE3fw6sjz4s2sJkPbh7vliDIu4g==",
    "FUNCTIONS_WORKER_RUNTIME": "dotnet",
    "databaseId": "movies",
    "eventHubConnection": "Endpoint=sb://s2event.servicebus.windows.net/;SharedAccessKeyName=store;SharedAccessKey=D+WQd88/R1tp9Cboo1LODmY5TfCFwp8/WCVStqDk8ZQ=;EntityPath=store",
    "eventHub": "store",
    "dbConnectionUrl": "https://s2cosmosdbbtnis54yegnmy.documents.azure.com:443/",
    "dbConnectionKey": "3914gANsOJspsmauQhh5bbs5XjyORIhsoLZST2C0stzJFwGDABRhrIcrBPMFW7rnH5CwUTVTjIsqdqW0bcmnRg==",
    "CosmosDBConnection": "AccountEndpoint=https://s2cosmosdbbtnis54yegnmy.documents.azure.com:443/;AccountKey=3914gANsOJspsmauQhh5bbs5XjyORIhsoLZST2C0stzJFwGDABRhrIcrBPMFW7rnH5CwUTVTjIsqdqW0bcmnRg==",
    "LogicAppUrl": "https://prod-15.westus2.logic.azure.com:443/workflows/532e438a579d466caf63570abac0492a/triggers/manual/paths/invoke?api-version=2016-10-01&sp=%2Ftriggers%2Fmanual%2Frun&sv=1.0&sig=rKeOCYdXVbf8pauxxmnEefS-QrobN1iXCDhGjEEPqw0",
    "RecipientEmail": "chris@solliance.net"
  }
}